author,author_id,comment
Slowly But Surely,ummah0104,MEREKA JUGA PUNYA KELUARGA GUYS😭😭
rainhartdanade,rainhartdanade,"papa aku brimob kak , dan aku tau rasanya dia pulang capek capek utk amanin itu semua dan aku jg tau rasa khawatir papa aku kenapa napa nanti disana , aku cmn utarakan perasaanku 🥹🫂"
Apriliaaa,_turus5,"betul skali kk
dari beribu ribu pendemo psti ad keluarga mereka jg, dn mereka tdk pilihan selain mnjalankan tugas
jdi tolong jngn benci mereka"
wnap207,wnap207,"manteman.. bukan membela polisi/brimob. ayah dan adik saya jg anggota. inget banget adek saya cerita pas jaga demo gini makan aja susah, kdnh 1 box bisa buat rame2 sama temennya. blm lagi mata perih badan pd bonyok. tp gak ada yg ekspos klo mereka kenapa2. betul ojol MD krna kelalaian anggota, tp percayalah banyak anggota yg MD krna kemurkaan aksi sprti ini."
l00wjes,l00wjes,cowo ku aja post ulang ttg sakitnya dpr naik gaji guys mereka jg cape cmn kehalang tugas karna mereka cmn manut sm negara
ranti zia,ranti.zia4,"tpi sedih kemarin liatt yang demo d pukulin, di seret, d tonjok sama polisi🥺"
elmanuk_:},perdanaahh,kebanyakan yg komen keluarga polisi😂
sas 𐙚,16.7744,"sebenernya, mereka kasian bgt, mereka tu robot pemerintah, mereka cuma lagi tugas"
ayyoffside,lillbitjh,"pada dasarnya mereka pun juga rakyat yang sama seperti kita, hanya saja mereka terhalang karena pekerjaannya & netral 🙏🏼"
no name 2,noname.ke_2,kalok temen ngapain ngehalangin😂
putri_r_seza,sezaputrirahayu,mereka hanya menjalankan tugas saja 🥺🥺🥺
evii🌷,eviiiy_,teman kok mukulin kak🤭
pocongngaso,pocongngaso,bukan hanya ojol loh guys yang meninggal sebelumnya ada komandan yang meninggal bukalah mata kalian jangan hakimi polri terus pengen nangis liatnya kalian hakimi mereka terus😭coba kalau kalian diposisi mereka atau keluarga kalian salah satu dari mereka apa nggak sakit aku cuma masyarakat biasa cuman sakit rasanya kalian benci polri😭
Aku sayang aku,shxxseumby131,"Mantan aku prnh bilang, dia kalo pam kayak begini tuh hatinya dilema🥺 mereka tuh terhalang pekerjaannya"
ay٭,welcomebacktohomeayyy,lebaran saja tidak bisa bersama karena harus menjalan kan tugasnya.
~D.apry~,me.d.apry_,"gais plis gak semua polisi itu buruk,abang gw pernah ikut terjun kelapangan jaga demo dia rela tidur di pinggir jalanan bahkan dia rela gak makan dan ngasih makananya ke beberapa pendemo, kita keluarga yang nunggu di rumah pada hawatir banget sama abang yang lagi jaga demo waktu itu🥹..rasanya cemas karna tau beberapa orang benci sama polisi.🙏"
minhyng,syafa_dira,teman kita ceunah 🤭
Winda,winda26071,asal kn mereka gak pake senjata dan gas air mata
meylindaaputriii_,memeiiyyy_,"pls untuk kakak kakak yg demo jgn ngelukain polisi ya,klo pun mereka harus membuat suasana kondusif itu pasti krena mreka menjalankan tugas nya. polisi juga punya anak dan istri yg menanti mreka pulang kerumah dengan selamat kak🥺"
ᵥₐ,evnit4,"suka kasian bgt liat para polisi yg bener' di serang seakan' mereka membela kesalahan pdhl merekapun tidak membenarkan hal tsb, mereka hanya menjalankan tugas ny sesuai perintah kalaupun tdk di perintahkan mereka pasti ikut gabung sm kita semuaa untuk demo. so, gais pls tau batasan mereka punya keluarga yg nunggu mereka pulang keruma dgn selamat, sehat. sama kaya kita semua kok, tolong respect 🥺🥺"
D I N A R🧿🪬,.kitiingg_,"cba kluarga mu di posisi mreka jd polisi klo di kata""in ternak dpr gmn perasaan mu? mreka loh jg pnya kluarga menafkahi mreka gajinya jg ga gede, klo mreka ada di posisi klian mreka jg ikut demo tp mreka hnya terhalang seragam ga smua polisi pembunuh itu tergantung dari diri sendiri"
❦,vapx.crs,"ini ni, yg otaknya cuma setengah"
icebrewly,icebrewly,bnr ka
Maharani Rizkia.R,maharanirizkiaram1,oon
🕸,roda_kompas,"kak,oknum polisi tu emg banyak yg ga bener,tp ayah,abang aku kerja pagi pulang pagi,penjagaan dan kerja dg bener polisi dipaksa tunduk ke pemerintahan yg biadap,tolong, fokus ke dpr,turunin,makzulin presiden!!😞 ayah abng aku juga dukung kok demo ini,THIS GOVERNMENT BUDAKIN MEREKA"
Mochiivanilaa,analynnn3267,"yg salah beberapa, kenapa semuanya yg kenak
kasian yg punya keluarga anggota polisi kena imbasnya😂"
zgraalm,zhrssea,"yang dari pihak demo juga dibilang oknum kak, tapi kalau dikumpulin bisa seprovinsi
emng kita tu di adu domba sama provokator, tu dpr yg musuh utama kita masih hidup enak²an diluar negeri."
Pita.ೃ࿐,soovt,Guys semua orang dalam pekerjaan itu diharuskan profesional. Mereka punya caranya sendiri untuk menyuarakan sama seperti kita.
Ucii🐼,uci16360,peduli pun tak sudi🗿
h3eart_azars,h3eart_azars,Aku bisa merasakan rasa nya jadi pak polisi polisi itu karna papa aku polisi dan aku kasian pergi pagi pulang pagi sekarang aku lagi jauh sama papa akuu aku sering kayak merasa kehilangan gitu kayak sepii gaada papa tapi semangat buat papa aku yaa
Erwia,erwia.erwia,Polisi diadu dg Rakyat😭😭💔💔 DPR nya Hidup mewah berlimpah²😭 RIP Demokrasi di NKRI🇮🇩💔
Kikiii,koyki8,papaku anggota:’) dia cuma dituntut kerjaan dan dalam hatinya dilema🥺
..,jsksjxsnnskw,lah terus kenapa pendemonya kena tangkap dan ada yg kena mukul?
Eva'p,vanillalatte917,"mereka itu cuma menjalankan tugas, dan ada anak istrinya yang menunggu dirumah. tolong hargai mereka☺️kalian gatau cemasnya ngeliat mereka turun kejalan utk ngamanin dan mastikan semuanya baik2 aja☺️"
julee29,mandalajaya29,"guys ngga semua polisi itu tidak baik. Mereka punya keluarga yang menunggu dirumah
Mereka sama seperti kita bedanya mereka berseragam dan sedang menjalankan tugasnya 🥺"
Suntak Shop,rahmi96htg,"ga kak, udah ga mau berteman sama polisi kak 🙏"
ridwanndyt,wanabee.cathouse,yg lindes td gimana?mobil brimob tuh beda sm mobil2 pd umumnya gakebayang beratnya gmnaa😭😭😭
caca,unkn0www_0,temen kak? temen kaka ajaa aku sih gamau pnya temen yng ngelindes rakyat untuk bersuara demi keadilan
RAHFICA AGUSTIN𐙚,rahficaa,mereka bekerja untuk rakyat. mereka juga sama hanya rakyat biasa yg membayar pajak ke negara
shafamanuela,shafaanii_0,pacarku polisi tpi dlm hati terdalam dia juga pengen ikutan demo dia juga geram sama ni pemerintah tpi apala dayaa mereka terhalang pekerjaann
r o s e m a r y,anthophile25,"Maaf , kita ga saling kenal gimana mau jadi temen🙏🏻"
chane✌🏻,chanlucupakebanget,apa salahnya sih tinggal buka jalan
aries ♈,lutfia_16,lalu bagaimana adik saya yang hilang sampai sekarang belom di proses dan mau cek cctv pun GK di perbolehkan
telo godog,galengan.sawahh,"gaji gak seberapa daripada yang duduk* doang di DPR, tuntutan & resiko kerja gak kira*, semangat pak polisi."
Aw✨,wanitamanise,"kalo teman kita seharusnya merangkul rakyat, bela rakyat!!! bukannya menjatuhkan."
gtw.siapacuy,manusia.gabutzz,"Coba aja kalo polisi gak ngedukung DPR, pasti dunia ini lngsung tentram dan damai,
tapi uang mengubah semuanya"
dew,tuudewiii8,iya tau mereka jg sebenarnya pgn ikut demo kaya kita tp keinget kejadian ojol yg dilindes ya tuhan sakit bgt rasanya
sophie🌸,sophathermes,"guys gini, polisi anarkis emg sangat salah cuman komunikasi antara polisi & otoriter itu sifatnya top to down, which is mereka pasif sifatnya dalam komunikasi itu, that’s make mereka nurut apa kata otoriter"
Arista Meiwa,aristaneiw,"ini ulah DPR!!!!!
bisa-bisanya senang2 dgn kondisi rakyatnya menderita!!!"
gitaa🌷,aanggiiita,kata siapa kak itu polisi yg ngelukain jg
Aoda,mbohloh0,kalau polisi yg mukulin masyarakat yg boleh ya? 🤣🤣🤣
Yoonki,pulihsndri,"mereka terlaku anarkis dn itu termasuk tindakan kekerasan
bnyk anak2 stm yg dipukulin diseret njirr udh Kya melakukan kesalahan yg korupsi aja ga prnh tuh diperlakukan kegitu"
zxxx✿,ttobokkieee,tapi ko polisinya mkul dan lndes pndemo ? barangkali yg dipukoll dan dilnd3s juga ditungguin sm anak istrinya
Mahalini,mahalini089,ani ani nya
tita,t.titaaa__,cowoknya polisi ya mbak?wkwk
Aoda,mbohloh0,pantes ngebela lakinya bagian dari insatansi😅
angga,riski321saputra,kalau polisi yg mukulin masyarakat yg boleh ya? 🤣🤣🤣
Aoda,mbohloh0,https://vm.tiktok.com/ZSHGTQkN6JckN-ji7dG/ Postingan ini dibagikan via TikTok Lite. Unduh TikTok Lite untuk menikmati postingan lainnya: https://www.t
orang imut,alodylkz1,ha?
Qyshope,sibil4.ahmad,enteng bnget ngomong.a broo ..
vanillaultra,0ktaavia,TERGANTUNG SEKALI LG TERGANTUNG
SakhiGhifariShop,tututgabriantri,"tapi kadang mereka suka minta duit 😭😭yang harusnya lapor apa2 gratis tapi jadi gak gratis, yg harusnya ditilang tinggal sidang sehari doang tapi suka minta 100 dulu kalo ditawar 50 gamau maunya tetep 100 😭😭"
\/\/471,250478eef,Suami Saya TNI dan Anak saya polisi..mreka juga tidak mau seprti ini tapi tugas dan tanggung jawabnya utk instansinya yg mengharuskan menjadi garda terdepan utk pengamanan..
🍰,ainiamb,halahhhh
Varmer❤️,varmer4321,Kalo polisi lalu lintas ? Kalo lagi tiba” berkendara dan di berhentiin cuma karena belom punya sim?
tychedo_,tychedo_,"Jaga keselamatan juga ya semuanya 🙏🏻. Jangan hanya menjaga dan melindungi negara aja 🙏🏻. Sehat berangkat , sehat juga pulangnya. kalian juga punya keluarga yg menunggu di rumah 🙏🏻🥺"
iniwulan,wulannotbulann,temanmu aja bukan teman kami
Advokat B,victory4314,Ingat mereka2 polisi ini juga punya keluarga yg sedang menunggu dengan was-was dirumah.
Milda Mokoginta,milda.mokoginta,polisi juga capee bkn mereka yg berulah tp mereka yg cape di lngan
rowr,cicawokaw_,kalo emang tmn contoh tuh TNI gmn merangkul dan melindungi rakyat
Nunu,nunula97,tapi bagaimana nasib rakyat yang di lempar gas air mata dan banyak korban 😩😩😩
aquariusgirls257,aquariusgirls257,Bukan musuh tapi kok lides pak ojol yang jadi korban itu konsepnya gimana ya 🥀🥀🥀
𝗔𝘀𝗵𝗲𝗹𝗹𝗮 𝗔.,asellaacy_,"sehat² polisi baik semoga di lindungi allah, yang jahat mah terserah"
Abang Højlund🥶,emyubangett,ternak dpr itu mah🤣
r,yaku1t_00,temen lu doang kalii
umikalsum,umi.kalsum577,Ingat dia di bawa tekanan perintah dri atasan
alamsyahhusain,alamsyahhusain,pak.polisi jgn keras keras menghadapi rakyatnya sendiri..masih muda muda lagi..mereka turun kejalan utk merperbaiki bangsa ini.....aamiin
mvoyy,evayantiee,"capeknya mrk itu terjamin yagessyaaa..kesejahteraan mrk sdh ditanggung negara.jdi capeknya mereka gak sama dg capeknya pendemo yagessyaaa... capekny mrk masih bisa senyum2. dahlahh
.🔥🔥🔥🔥"
Bim,bimaad44,"ini emg serentak yaa disuruh bikin VT yg templatenya lagu meloo, biar rakyat bersimpati"
sasa,ssaolav_,"gais stop berasumsi polisi tuh jahat yaa, namanya pekerjaan pasti harus profesional dan harus ngikutin atasan nya, ayah ku pun ga tega sbenernya kalo demo gtu, ayah aku setelah demo tuh pasti ada aja yg ditanya ke pendemo, dan mereka minta maaff bahwa mereka cmn ngikutin atasan nya, sebnernya mereka jg cape disuruh ini itu, dan mereka jd tameng doangg, mereka cmn di puter’ samaa negara dan pemerintah nya, jadi plis stop kalo temen ga mungkin ngelindes, plis guys itu posisi udah chaos bngt mau berenti jg akan di amuk masa yg didlm mobil nya, trs jga pasti udah kebawa emosi"
im_minah,mni_minah09,"manusia itu ada yang baik dan jahat
jadi jangan salahkan SEMUANYA!"
Haryanti Yanti,haryanti.yanti15,kecewa banget sama aparatnya
lenlen,frr_ca,"marah boleh tapi jangan pakai fisik sampai menyakiti mereka, ingat mereka juga di tunggu kepulangan nya oleh keluarga mereka"
𝘓𝘶𝘯𝘢,mylunarluna22,"Semua aparat sebetulnya mendukung rakyat, hanya karena tuntutan tugaslah mereka kadang terlihat seolah tidak berpihak.... Please mereka hanya menjalan prosedur yg mereka taati.. mereka juga tidak di untungkan dengan situasi ini.. mereka hanya menjalankan tugas...
Jadilah pendemo yg baik dan beradab.. kita contohkan kepada wakil Rakyat... masyarakat lebih beradab di bandingkan mereka.."
R.M.AHMAD HADIWINOTO S.sos,a.hadiwinoto4,menjalankan tugas untuk melindungi pejabat ya bukan rakyat😁sekali lagi bukan melindungi rakyat
Joxé,joxe52_,lah terus???
Who?,amberskiesssssssss,temenn? ngeledek dibelakang tameng ngatain cemen sambil jempol kebawah?
فارا,faffoouuu,keren lu?
Raiby_,raiby_,"nah begini contohnya, yg kalian hadapi itu teman2 sendiri.. ada doa ibu2 yg juga belanja sulit krn semua dipajakin tp mereka jg berdoa utk keselamatan anak2 mereka. musuh kalian itu yg hrsnya rapat tp tidur diruang AC, bukan yg panas2 an pegang tameng. yg gajinya besar tp kerjanya joget2, bukan yg taruhannya nyawa tp gajinya sedikit... jd plis, demo Damai yaa🙏🙏🙏"
Wiidwie,dfebri25,"kenapa polisi dan rakyat tidak bisa kerja sama?? kenapa;?
bukankan mereka dibayar dari pajak rakyat juga..
kalian di adu domba tpi tidak bisa di ajak kerja sama"
martin ngalcer,user301004190298,"waktu ruu tni di sahkan? cowoku juga gelisah sbnrnya, dia mau menyuarakan suara nya tp gbsa, dia bilang ga setuju juga sbnnrya tp ala boleh buat klo dia pun kerja sm negara dan dia tetep berpihak sm suara rakyat meskipun dia gbsa bersuara"
🚩,vizyrxnaa,kok yg d tangkep rakyat? kan malingnya di dalem gedung
baby bee,adeitha251,"Mereka semua hanya bekerja 😔 kalo mereka bisa memilih mereka juga gak mau di hina, di lempar batu 🥲 mereka punya keluarga, orang tua.. semangat para pejuang Indonesia 👍🙏"
jennie,jenniejennieswett,Polisi:Kami hanya terhalang Seragam😞 dalam hati nya gw mau ikut tapi gmn lagi udah tugas kadang suka sedih lihat polisi
doa ibu,muhammadafrizalkwok,"polisi terluka rakyat pun terluka
siapa yg menaggung dosanya🥺🥺🥺"
Dengan Nona,bersama.nona,"gini ges jgnkan aparat polisi-tni ,satpam kalo ada karyawan yg demo didepan perusahaan karena kebijakan perusahaan yg merugikan karyawan pasti dia jg menjaga perusahaan nyaa.. kenapa? karena suruhan atasannya , walaupun satpamnya jg pasti kesal sama kebijakan perusahaan tsb tp ga bisa apa2 karena bekerja disitu+disuruh atasannya"
Ratu mantika,rmmadita,polisi manusia mereka punya keluarga mereka hanya menjalankan tugas nya🙏
Lia Mutia,hurem.sultan87,"polisi jaga keamanan.uang minum makan ngopi dh ditanggung.
para demo cape sakit perjuangin suara rakyat
.ga ada yg ingat makan mnumnya"
fraise,fraise__id,tapi yang ini gimana ka?
tataatrulalaa.,_.juho0n,kalau tugas mereka bukan seperti itu mungkin mereka juga sudah ikut demoo
syafaaashop,inicapaloh,mengkondusifkan???
Aquaserious♒️,gigutang,"Sama-sama berjuang, itu yg banyak orang engga sadar.. emang polisi2 yg jaga demo itu setelah nya dapat apa? dapat jabatan? jd menteri? disaat pajak naik, mereka pun bayar, sama. Bbm naik, mereka juga bayar, sama. Demo rusuh dan dilakukan penertiban, itu tugas yg mau tidak mau, harus mereka lakukan.
Melakukan pengamanan bukan berarti berada dipihak pemerintah, bukan🥺 Kecelakaan saat aksi demonstrasi bukan cuma sipil yg jadi korban, berapa banyak polisi yg juga dipukuli, dikroyok, diludahi, dilecehkan saat berjaga tp yg terUp engga sebanyak kalau sipil yg jd korban.. tp tetap dijalani karena semua resiko pekerjaan, tp yg harus dengan sadar disadari adalah, kita semua ini korban yg diadu domba sama pejabat2 setan itu."
NYAI ᴮᴷ77,mbkri_ris,"mereka bertugas ,yg demo juga bertugas menyuarakan aspirasi , yg di demo sehat"" yg jadi korban pasti aparat dan yg demo 😭🫣🙏"
Anita,carol_ani,"mereka juga gajinya dipotong pajak langsung, tunjanganpun di pajak lagi.
mereka sama dengan rakyat juga . para pendemo beringas. mereka berusaha mengendalikan emosi. tapi terkendala SOP dari atasan ataupun kesatuan.
Menangis untuk Rakyat dan Polisi yang dibenturkan pemerintah 😭😭😭😭"
Arzila,arzilla_r,"Kamu ga sdng mnjalankan tugas bg, tugas kamu lindungi rkyat, bukan pukulin rkyat"
daisyday0_,daisyday0_,"Abangku polisi dia nyeletuk gini sama anknya : “besok cita2nya gausah jdi polisi,cape!! jdi anggota dpr aja” 😭😭😭🙏"
yourday206,yourday206,teman? mereka ngamanin tikus negara bukan rakyatt
Prasetyo,prasetyoajah,"klo yg dilindes , ojol itu trnya tmn nya polisi dia jg jagain demo gmna dpt kabar tmn ya meninggal di lindes mobil BRIMOB ...????"
On Your Zi,on.your.zi,Mereka yg nganggap kita musuhh anj
irpong13Pisces,irpong13,Untung saya batal nikah dengan Polisi kalau nggak anak saya ikut demo pasti di pukulin2 teman2nya...
yoona,yoona8582,polisi juga manusia biasa dan bukan Tuhan
DindaSela,adnidsela,teman pejabat maksudnya 💔
savitricha,savitricha,yg komen baik fix keluarganya 😁
D I A N A,diananuraini07,Kasian banget 😭 mereka jga masyarakat sama sperti kita cuma merka sudah gak bisa bersuara lagi karna tugas dan pekerjaannya
poinkop!,poinkop,maaf ga kenal mereka
020522::,essien54,kasian juga mereka kadang mereka ngelakuin itu karna perintah dari atasan mereka🥲
Yossa,occa_0910,kita ini di adudomba rakyat dgn apart pasti gedung DPR lagi asyik2 😭
DINI,dinsptiani,Dia juga punya keluarga yg menanti nya dirumah dgn keadaan selamat 🥺😭
Unknown,kiyowokejora,Cih
Yuiiii🦀,itsyuiii___,"adikku brimob yg sdang pengmanan😭 ya allah tolong lindungi dia dr smlm blm ada kabar, keluarga nunggu kabarmu dek semoga dalam lindungi allah 🤲"
jarotdramer86,jarotdrmaerot86,gw juga skit hati lihat naik gajih DPR tapi rakyat gajih nya kagak naik2 tapi mau gimna harus terima dan sukuri ajh
Mama A2,weeny06780,"sehat² para polisi&om imob jg dirimu baik² ada keluarga menunggumu d rmh,slm Presisi🙏"
cucu kakek,zozonolozega,dalam harti mereka juga punya keluarga yg menunggu dirumah.punya orang tua.dalam hati mereka juga tidak mau bentrok dengan masyarakat
lala,bitter.sweetholic,"mereka jg pasti ga setuju DPR naik gaji, cuma posisi ny mereka menjalani tugas aja. kadang kasian ngeliat klo ad yg ngehate mereka tuh😞"
thresya1,thresya1,Polisi yg nambrak ojol masa mau di anggep temen .
naraaa,narraaa98,"sebenernya mereka setuju adanya demo,hanya saja mereka harus tetap profesional sebagai polisi"
Zoelkarnaen,zoel__7,merusuhkan kondisi kali bukan mengkondusifkan
Lum lum,lumlum070,biar ada kerjaan.....
anotheronele,anotheronele,Bravo polri terimakasih 🙏🙏
A👀,anmefr,"@ig: cutiejels 💅:jangan sepenuhnya menyalahkan polisi plis, ga semua polisi itu jahat, karna kepulangan mrka juga di tunggu kluarga mereka, mereka juga rakyat biasa,dibalik seragam yg mereka kenakan mereka jg rakyat biasa spt kita, mereka berdiri dibarisan itu karena kewajiban bukan pilihan, hati mereka jg sama rapuh spt kita mereka jg pgn keadilan, mereka hanya terhalang oleh seragam bukan oleh nurani ☹️and then aparat polisi udah muak sama pemerintahannya cuma mereka menjalankan tugas nya dr atasan mereka respect pakk karna disana pejabat nya lagi pada tidur nyenyak santai santai sedangkan mereka turunkan polisi dan aparat lainnya,ada banyak polisi yang nggak ikut terlibat langsung dalam demo itu dan tetap menjalankan tugasnya dengan baik. jadi, penting banget buat kita bedain antara oknum yang salah sama polisi yang benerbener profesional. semoga kasus yang terjadi bisa ditangani transparan adil seadilnya apalagi terkait yang melindas ojol kawal sampe tuntas! , biar kepercayaan masyarakat juga nggak makin hilang,jangan alihkan isu DPR YA cuma karna polisi disalahkan. SEMANGAT BERJUANG SEMUA #BUBARKANDPR #PEMERINTAHANKACAU #DPRGILA #DPRKODIEMAJA? #PEJABATNYALAGITIDURNYENYAK"
bunga,arfyus5,"entahlah sulit, emang ada sebagian yg baik,tapi selebihnya ... ?isi sendiri
masih ingat kan polisi nyiram gas air mata di stadion,"
hestri sastia fardana,mbahesss,narasinya tiap demo “polisi itu sama kayak kita pro rakyat” nyatanya banyak rakyat yg dipukuli
Rizaidan,intanm016,mereka hanya menjalankan tugas
bunda arfa,bundaarfa12,tugas nya jgn melindas lagi ya
momoniceguy,andranotherlife,mereka cuma kehalang kerjaan
dwi.,duwiiiistyrn,"Padahal mereka tidak mau keadaan seperti ini, mereka hanya sedang menjalankan tugas😢"
Raja singkongg,lichyachya7,"Ga semua polisi bener, tapi pasti ada beberapa yang bener"
N,nofyta.andryani,klo polisi teman kita aku lbh milih tidak punya teman.
Fatimah sby,kayriss_hq,teman apa..... ga temanan qt... apalagi klo d jalan ada razia.
Putri lelet,putrileleett,kenapa aparat ga bersatu sama rakyat aja sii kan negaranya udah ga bener🥺
Nadine,naadinnnna5,mrka cuma ngejalanin tugas gasi... mrka jg pngen bersuara tp kehalang seragam..
Wong sabar,wongsabar239,ku pastikan kalo smpek keluargaku ada yg brimob ga bakal aku anggep saudara
Rudicahh,rudicahh,Setidaknya mereka punya kerjaan 🤣
Yg penting nyampe,siapaajaboleh743,Lah terus yang mukul siapa?
Lzura,dvalbrck,"Mereka juga punya keluarga guys, mereka juga masyarakat seperti kitaa cuma jalanin tugas 🥺🥺🥺"
Ien Kartiningsih,ienkartiningsih,sehat2 anak2 hebat ....biar lulusan SMA kalian sdh bisa mandiri tanpa membuat susah orang tua kami bangga nak...kerja sambil kuliah nak...bismillaah di mudahkan semua...polisi hebat di mata bunda 🥰
🩺,xzvycw,kasian ojol di telindes😭
Pahiitttra,pahitraa,Mereka cuma menjalankan perintah 🥺
cici,ciciiii811,MAAP BANGET TEMEN KITA CUMAN ANGGOTA TNI🥰
່,_araaatiaraaa,"seburuk apapun pandangan masyarakat sm polisi, semoga aku bs menggunakan seragam itu jg🤎"
poet,putrieasikin,bukan temen gue
Defris🅰️,dfrs18,Yg punya hajat WFH yg di lapangan di adu domba miris
FROGG⚓,frgg0918,"katanya temen , tapi kok di lindes si pak? why?"
mooz 🍉,nadmooz_,hilih
ebitda,diferensiasi_,mereka sebnarnya juga geram sama pemerintahan yg makin ngelunjak apalagi pas dengar 3jt/hari😌
Rahma 💜,rahma.core,teman teman apaan . dikit2 nyemprot gas airmata ke orng yg lagi berjuang .
ani,ani.susanti727,Ya Allah lindungilah anak2 ku yg lagi bertugas 🤲
iamyournaaa,iamyournaaa,musuh kita sebenarnya adalah DPR dan sebagainya. semangat untuk kita semua.
Dijah01,khodijahramlannew,temen tapi yang versi jahatnya kn kk
pmjj,pmjjjjjj,polri juga manusia
anak.manis18,anak.manis18,Hahahhahaha
Steve Kosasih,steveey_,Bravo Polri🔥🔥
crafteriena,crafteriena,lebih cape yg di bawah uang ny banyak yg di tinggi
ami_room,ami_roomm,😳 teman? big noooo
akademi kripto,crypto08_0,"g kak, temen lu aja karena pacar lu🗿"
"작은, 𝓒𝚢𝚎𝚕𝚊",shanayalavenya,jagaa papaa akuuu ya allah😭
There is no escape!,_roarrrr_3,teman??? krna uang jg gelap mata banyak
ロラニ,rlni_28,tapi kenyang cape juga
nanda tjiu kojongian,nandatjiu,sekarang masih mau blg berteman?
diditata,adtayu,bukan temen gue
Queen,sulastri.sari.putri,kasian sumpahhh🥹🥹
user25288706457996,user25288706457996,sehat sehat sll anak anakku
Zecti,zecti7,bedanya mereka di bayar yg demo gak 😂
Cewek Capri,cewe_capri29,Musuh kita adl eksekutif legislatif yudikatif dan pembantu2 nya eksekutif🔥🔥
seaweed,seaweirrdd,"mereka kalo bisa tidur dirumah, mending tidur dirumah ga panas panasan. orang2 pada mikir apasih heran"
CBR 🇲🇨,zetawingshero,harus nya lu bukain dh tu gerbang dpr bknnya mlh di suruh mundur mw sampe kpn kek gini di permainkan sm pejabat trs??
Tasya🧏‍♀️🪐,siwatasya_,"polisi di 👣
TNI di 💓💓"
zenna_,zenna_59,Temenlu aja sonoo
MAS CHVEE,zhiezhiew,STOP LAH GUYS KALIAN GA KASIAN KAH SAMA APARAT?😹
N,naejmyyy,@kamalia.8 ☹️
Little_girl💕💕💕,deeesiiiiiiiiiiii,🥹
Indahkartikawati,memeyindah,🥲
Syhdaa*•,igsyahdsyrh,🙏🙏🙏
alja's things,oooclock,😁😁😁
saya adalah,gwafinsweet,😂
riniprames,rinipramestinaputri,tapi kalo gak gini dia gak kerja ngopa ngopi di markas aja kalo gini kan kelihatan kerja gak makan gaji buta terus
xyrly,ac_cote_,"mungkin emg beberapa ada yg berprilaku buruk, tp guys tanpa kita tau, mereka kerja sampe larut malam, bahkan sampe gk tidur, kita mungkin mikir mrk cuma leha² tiap hari, tp nggak ya... mereka hanya menjalankan tugas dan kewajibannya, mrk netral, mrk hanya bisa menurut, mrk tdk bisa membangkang, kita semua terlalu terbawa emosi hingga tidak melihat kenyataan yg sebenar-benarnya"
🩷,niaaa3808,sedangkan biang keroknya lg leha2 di rumah mewahnya 😒
❀۶ৎ,sukamatcha1_77,prettttt
mamijoechannel,mamijoechannel,"semangat Bhayangkara Ku💪💪
Mata Tuhan Melihat Semua Lelah Mu
Tidak Ada Pekerjaan Yang Sia Sia Di Mata Tuhan
BRAVO POLRI KU👍🥰🥰"
ntan,tanmonca,"Teman saya juga yang jd polisi post tentang gaji dpr naik, mereka juga sama seperti kita ingin demo dan tdk terlalu suka dgn keputuasan itu dgn keadaan masyarakat yg susah, tp gmn itu tugas mereka. Dan saya juga tdk membenarkan oknum yang melindas ojol, itu juga mesti diadili dan harus transfaran hukumannya."
secret,alittlebitj,"mereka meninggal jg banyak pensiunannya, yg ojol kmrn ada pensiunan gak? orang lagi kuliah sambil kerja gak tau apa2 gak ikutan demo, tbtb meninggal di lindas org yang mereka biayai. rasanya spt org tua yg di bunuh anak sndiri."
ANG,legend.of.ang,Y aja dah biar cpt.
Ay aja.2,ayaja_58,"papa aku
polisi tapi maaf aku gk pro polisi apalagi tau brimop tabrak ojol semalam tambah benci aja aku sama polsi😭"
ISTRINYA FFF,yourqueen28_,"LU SEMUA ADA LIHAT GA VIDEO POLISI DI OLOK” DI LEMPARIN SAAT DEMO,DI KETAWAA”IN KARENA LUKA, BISA NGGA KALIAN SEMUA TUH JANGAN GELAP MATA,OTAKNYA DI PAKAI,JANGAN LIHAT DARI SATU SISI DOANG,PERBUATANNYA MMG GA DI BENARKAN TAPI KALIAN SADAR NGGA SIH, OKNUM PROVOKASI YANG MEMBUAT SEMUA INI TERJADI,LOGIKA AJA,ORANG MANA YG MAU DIAM DI LEMPARIN,DI BUAT BERDARAH,DIMANA KEADILAN BAGI SELURUH RAKYAT INDONESIA,EMANGNYA POLISI ITU BUKAN RAKYAT INDONESIA?, WOI MEREKA KEHALANG SERAGAM AJA,MEREKA JG MANUSIA BIASA YANG AKAN MARAH SAAT DI TINDAS, DAN SAYANGNYA MEREKA DI PERLAKUKAN SEPERTI ITU SAAT MEMAKAI SERAGAM"
sesepuh tianziyu 𖹭,mass.iannn,"teman kau ajalah, shrsny mrk ingat tugas utama mereka mengayomi bukan menganiaya aplgi membunuh."
belle,iybell,udh ga respect lgi plis gedeg bngtt
namie 🦌,anmateur,ga. mereka aja gapunya perasaan melind4s ojol
lalala,just_nassss,"respect cuma ke polisi yang bener bener terpaksa karna kerja BUKAN YANG MUKULIN RAKYAT SAMA NYEMPROT GAS AIR MATA LANGSUNG KE RAKYAT ""oknum itu"" banyak ya oknum nya"
ndra,yomnkndr_,JANGAN ADA YANG COBLOS DPR NANTI KALIAN HARUS GOLPUT🇮🇩🇮🇩
mellkyy🩷,melting_18,temann? apa lawan? kenapa tembak gas air mata ke rakyat
icalsingayu🗿,sal_liy,"menurut gw itu musuh, masa iya polisi main pukul? di vt atas ada polisi yg mukulin demo"
your_wifee🤍,priliaapril04keduaa,kesiaannn tp kesian juga yg di lemparin gas air mata yg di semprot water canon smpe teguling'
jawagirll_,jawagirll_,"be nice guys sebetulnya aparat senang kalian demo karena mewakilkan suara hati rakyat yg dmn mereka tida bisa menyuarakan suara itu karena terhalang tugas, bekerja sama saling bantu ya teman’ kalian terus menyuarakan dan mereka membantu mengamankan jangan ada provokasi antara rakyat dan aparat keamanan fokus pada tujuan demo ya teman’🙏🏻"
Apelu,halokak0101,"lu tw yang di pingin rakyat apa?, terus polisi nge halangin bukannya jadi penghubung antara dpr sama rakyat. ini malah ngelindungin DPR jadi wajar dong rakyat anarkis bukan nyelesain masalah disini POLISI hanya menjadi PROVOKATOR rakyat yang ingin mengaspirasikan tuntuttannya kepada DPR."
almahyra.ayra00,almahyra.ayra0,gasken fokus turet sitikus
Lionyariska,lionyqueenarich,"KALAU DIKASIH JALAN BUAT MASUK TIDAK AKAN MENJADI MUSUH RAKYAT, PAHAM!
JGN MENGHALANGI SEOLAH TUGAS DR SIAPA KALAU BUKAN TIKUS!
ENDINGNYA JUGA PAKAI BARAKUDA LALU SIRAM GAS AIR MATA!!! ITU YG NAMANYA BERPIHAK RAKYAT. JGN BILANG RAKYAT JIKA SERAGAM KALIAN MEMILIH MELINDUNGI TIKUS."
أجنغ يولستيَّاديوي,ayulistiad,teman??? teman kok ngelindes teman!
kemalakeyshop,shashashop24,"lagi diadu domba klian ini sumpahh, tlong sdarlah juga, fokus ke dpr, jngan ada korban lagii, Polisi ada yga MD 2 orang, mreka punya org tua, kkuarga anak jugaa, tlong jngan mau diadu dombaa"
utarilaila22,22maret010,"klo teman gamungkin membunuh, klo teman hrus nya bisa membantu"
RNaa,user2570419974003,temen tapi malak
Yuray,sachikodaisuke,"Yg pada belain isilop dan bilang mreka juga membahayakan nyama demi keamanan, at least mreka masih pake pengaman dan senjata yaa, sementara rakyat cuma punya suara dan semangaatt aja. Dari situ aja ga apple to apple"
Yuray,sachikodaisuke,"Terlepas dari mreka cuma jalani perintah atasan aja nih ya, cuma knp cara ngamaninnya abusive ke rakyat, knp ga ngayomi rakyat?? Kalo emg ada yg memicu kericuhan knp ga fokus cari penyulut kericuhan bukannya malah kesulut emosi trus jd ngasarin yg ada di lapangan? Padal jaman skrg kan cctv ada dimana2 kamera juga ada dimana2, keknya bisa lah nyari sumber kericuhan tanpa menumbalkan masyarakat. Tp beda lagi sih kalo emang udah dibikin biar ricuh oleh kepentingan elite"
aminah,danatjannah,"tuh kan yg di kerahkan yg muda2 dan pada akhirnya mreka yg dikutuk, yg anggota DPR masih bisa santai, duduk manis, ky gk adil bngt asli"
tarissaprmd,tarissaprmd,ogah
joth store,firda_ndha,"yang bikin onar enak2 d tmpt nyaman tnpa gangguan, sedangkan mereka yg harus jalankan tugas dan mereka yg membela hak nya diadu domba demi keadilan 🥺"
nabillaprtm,nabillaprtm_,cuak
naurah,noranoraaaaaa_,"di seret, di pukul, di tendang, di lindes, main senjata, tembak gas air mata
itu tugas kalian? kalian di gaji dr rakyat kok bisa si ngelindungin dpr?"
Aoda,mbohloh0,lucu
aries ♈,lutfia_16,sudah hampir 1thn hilang
sisturrrrr,sisturrrr11,"kak aku gapunya keluarga atau teman polisi tapi sumpah nangis banget liat polisi yang jdi di benci dan jdi korban, para pendemo yang jadi korban sampe MD, sumpah nyesek banget, kek harusnya gak gini lohh:( mereka sama smaa keluarga bagi seseorang, sama sama pencari nafkah. indonesia gini bgt anjr, yg harusnya di benci tuh tikus tikus hina diatas sana. bukan malah aparat dan rakyat saling benci:("
ara_ara,ararara1aja,makasih udah komen kak 😔 ternyata ada juga yg memikirkan nasib keluarga kami. kalau bisa demo mungkin mereka juga bakal demo supaya gk di adu domba
Velove,louveys_,"iyaa plss sedih bangeettt, yang mereka liat cuma oknum itu. padahal udah banyak aparat yang meninggal jugaa tapi ga ke ekspos 😞😞"
hrlynt20,02rknrndr,"bener ka,sedih bgt rasa nya🥲🥲"
pocongngaso,pocongngaso,emang gitu kak sistemnya kita yang gaji DPR mereka WFH sambil jadi penonton setia story masyarakat yang berjuang polri yang tanggung nama buruk polri yang di benci. masyarakat polri DPR yang berbuat Polri yang nanggung emosi masyarakat 😭😭sampe nangis loh aku liat bayangin mereka mau bersuara terhalang seragam😭
Zyfa_,zykrayasmin5,Bener banget kaa🥺
tigasatumarett,raya.ram08,Gapapa besok besok lagi biar gada yg mau jadi polisi
bintang di langit,cantikku1717,siapa yg melindungi DPR? tugas polisi hanya mengamankan..diharapkan demonstran tidak anarkis
Lakban,fakta_vidio,kan perkerjaan mereka harus melindungi rakyat kenapa mlh yg di lindungi dpr
Lakban,fakta_vidio,"klo tidak melindungi kenapa gedung dpr di jaga ketat, pendemo gak bakal anarkis klo jalan menuju dpr gak di halangi"
Biaaaa,sungjwie_05,"bener kta ayahku kak, soalnya ayahku pernah jaga demo pas di brimob🥺"
itsme.ska,devilwithlove_,"mereka itu hanya manusia biasa dan di tugas kan untuk jaga keamanan salah massa nya aja pada anarkis lhoooo, cowo gue jga kalo pilih satgas mending satgas dibandingkan capek pengamanan begini."
putrielsa.pnm,ep.pnm,apa iya bg???🥹 @Notyou05
RasyaQistan_11,rasyaqistan_11,coba ngomong begitu ke pimpinan polisi jangan yang menjaga demo nya
pinkiesell♌️,selvannaz,iyaa betul mba😭💔
Notyou05,notyouuok05,Benar
911 nine one one,nineoneone281,"gmna ga anarkis orang jalan menuju kantor dpr di tutup aparat padahal kita demo cuma ingin melihat pemimpin kitaa, kerjanya kaya gimna masa kita sebagai rakyat gtw kerjanya wakil rakyat kaya gimna, sedangkan kasta tertinggi di sebuah negara itu rakyat dpr itu hanya mewakili kita sebagai rakyat, wajar dong kita harus tau kerjanya dpr disana ngapain ajah...ini malah di hadang aparat gmna ga tensi kock"
911 nine one one,nineoneone281,bersahabat bhkan cees semua sama anggota dprnyaa
agw_,buruhserabutan_17,Siapa suruh jadi polisi 😂😂
字 𝓜𝓪𝓻𝔂𝔂 𖹭.ᐟ,rineolf,"cuma liat buruk nya coba liat baik nya
gk semua kaya gitu, ayo kita berpikir bijak gk semua buruk"
Devvvvvvvv,deviwinela,🤣🤣
"hii, aku feliizz :D",ocyeaniccw,menjalankan tugas secara ngelindes orang itu baik kah? taruhannya nyawa trs seenaknya ngmng dngn kta maaf
Ucii🐼,uci16360,"gk ah, lu aj"
字 𝓜𝓪𝓻𝔂𝔂 𖹭.ᐟ,rineolf,"gk semuaa kak , aku juga pribadi juga kesel tapi kan gk semua gitu😓"
yy03_18,yy03_18,ingat gak semua polisi begitu!! ingat itu!
kstts:c,kucingterbang._,dimana letak menjatuhkannya?
Aoda,mbohloh0,belum lihat masyarakat yg dipukulin?
gitaa🌷,aanggiiita,"gmna mau menyampaikan?orng jalan nya aj di tutupin ,ya wajar lh orng pd tersulut emosi nya ka"
Diionn 🦗,diionn195,demo rusuh aja ga ditanggapin apalagi demo yg tertib . 🗿🗿
Eva'p,vanillalatte917,"logikanya aja kl demonya kondusif dan memang tujuannya utk menyampaikan aspirasi ga mngkn ada hal2 yg tdk diinginkan antara aparat & pendemo. polisi tugasnya mengamankan, pendemo jg pengen menyampaikan aspirasinya. harusnya bs saling jaga keamanan. bukan malah mudah terprovokasi jadi malah ngebenturin aparat & pendemo."
gitaa🌷,aanggiiita,anarkis aja ga di gubris kak wkwk
D STORE,wongselo34,pindah planet
Lila barzzoo,lilabrzomhrss,"bner bgt ka,mreka tu pasti udh muak bgt tpi gmna lgi itu emg udh jdi tugas mreka😭😭"
Wong sabar,wongsabar239,meskipun ga smpek nglindes gitu kak meskipun si ojol itu juga kerja dan punya keluarga
Kikiii,koyki8,"aslinya mau ikut demo sumpah deh, tapi gmna ya susah jelasinnya"
π,fahm1z,comen template
Lutfin_Duta01,kkk_dbsy,Bilang sama abang nya bisa gak jangan ikutan pengamanan disitu kompak semua gaji mereka aja pas pasan mereka kerja nya beratt taruhan nyawa waktu demo
D STORE,wongselo34,suruh keluar kak.. aq kok malu..masih dpt gaji dri pemerintah kan?
wnap207,wnap207,"maaf kak, gak cari simpati. carinya empati. polisi juga manusia. posisi mereka itu serba salah. gak nurut hilang mata pencarian. nurut juga salah kena amukan. saya gak membenarkan oknum2 polisi yg salah kok. mereka ttep hrus ngejalanin prosedur hukum. tp banyak polisi yg emang mau kerja jujur. gak cuma kluarga saya. banyak mbak/kak. sayang gak ke ekspos. coba mulai lihat sisi lain jg. trims"
zyzy,zyzy7934,Lah mereka cuma makan salahnya dimana?
